create  database EmployeeManagementSystemData;
use EmployeeManagementSystemData;
CREATE TABLE employees (
    employee_id INT PRIMARY KEY ,
    name varchar(50) NOT NULL,
    department_id INT,
    job_title varchar(50),
    hire_date DATE,
    salary FLOAT
);

CREATE TABLE departments (
    department_id INT PRIMARY KEY,
    department_name varchar(50) NOT NULL,
    manager_id INT,
    location varchar(50),
    phone_number varchar(15),
    budget FLOAT,
    FOREIGN KEY (manager_id) REFERENCES employees(employee_id)
);

CREATE TABLE performance_review (
    review_id INT PRIMARY KEY,
    employee_id INT,
    review_date DATE,
    rating INT,
    comments varchar(50),
    reviewer_id INT,
    FOREIGN KEY (employee_id) REFERENCES employees(employee_id),
    FOREIGN KEY (reviewer_id) REFERENCES employees(employee_id)
);


CREATE TABLE project (
    project_id INT PRIMARY KEY,
    project_name varchar(50) NOT NULL,
    start_date DATE,
    end_date DATE,
    budget FLOAT,
    department_id INT,
    FOREIGN KEY (department_id) REFERENCES departments(department_id)
);

CREATE TABLE project_assignments (
    assignment_id INT PRIMARY KEY,
    project_id INT,
    employee_id INT,
    role varchar(20),
    assignment_date DATE,
    status varchar(20),
    FOREIGN KEY (project_id) REFERENCES project(project_id),
    FOREIGN KEY (employee_id) REFERENCES employees(employee_id)
);


CREATE TABLE salaries (
    salary_id INT PRIMARY KEY,
    employee_id INT,
    salary_amount FLOAT,
    effective_date DATE,
    end_date DATE,
    salary_reason varchar(50),
    FOREIGN KEY (employee_id) REFERENCES employees(employee_id)
);
INSERT INTO employees (employee_id,name,department_id, job_title, hire_date, salary)
VALUES
(1,'John Doe', 1, 'Software Engineer', '2023-01-01', 75000),
(2,'Alice Smith', 1, 'Data Analyst', '2022-05-15', 65000),
(3,'Bob Johnson', 2, 'HR Manager', '2021-09-20', 85000),
(4,'Emily Brown', 3, 'Project Manager', '2020-03-10', 90000),
(5,'Michael Wilson', 2, 'Software Engineer', '2023-02-28', 70000),
(6,'Sophia Taylor', 3, 'Data Scientist', '2022-11-11', 80000),
(7,'Matthew Anderson', 1, 'Software Developer', '2021-07-05', 60000),
(8,'Olivia Martinez', 2, 'HR Specialist', '2020-04-18', 70000),
(9,'William Garcia', 3, 'Product Manager', '2023-01-15', 95000),
(10,'Emma Rodriguez', 1, 'Data Analyst', '2022-10-30', 68000),
(11,'Daniel Hernandez', 2, 'Software Engineer', '2021-03-25', 72000),
(12,'Ava Lopez', 3, 'HR Generalist', '2020-08-12', 65000),
(13,'Alexander Perez', 1, 'Software Developer', '2022-06-17', 60000),
(14,'Mia Gonzalez', 2, 'Data Scientist', '2021-11-20', 78000),
(15,'James Wilson', 3, 'Project Coordinator', '2020-09-08', 70000),
(16,'Sofia Moore', 1, 'Software Engineer', '2023-04-02', 73000),
(17,'Jayalakshmi Bakering', 2, 'HR Manager', '2020-02-25', 87000),
(18,'Benjamin King', 2, 'HR Manager', '2022-01-12', 85000),
(19,'Charlotte Carter', 3, 'Product Manager', '2021-07-25', 92000),
(20,'Jacob Perez', 1, 'Data Analyst', '2020-12-28', 67000),
(21,'Amelia Scott', 2, 'Software Engineer', '2022-08-15', 71000),
(22,'Ethan Rivera', 3, 'HR Specialist', '2021-04-05', 72000),
(23,'Harper Price', 1, 'Software Developer', '2020-09-18', 62000),
(24,'Evelyn Lee', 2, 'Data Scientist', '2023-03-22', 79000),
(25,'Michael Young', 3, 'Project Manager', '2022-11-10', 92000),
(26,'Liam Martinez', 1, 'Software Engineer', '2022-06-03', 74000),
(27,'Avery Hernandez', 2, 'HR Manager', '2021-01-25', 86000),
(28,'Lucas Smith', 3, 'Product Manager', '2020-07-14', 93000),
(29,'Luna Adams', 1, 'Data Analyst', '2023-02-08', 69000),
(30,'Mason Mitchell', 2, 'Software Engineer', '2022-10-20', 73000),
(31,'Scarlett Campbell', 3, 'HR Specialist', '2021-05-12', 71000),
(32,'Jackson Perez', 1, 'Software Developer', '2020-10-30', 63000),
(33,'Zoey Thompson', 2, 'Data Scientist', '2023-05-15', 80000),
(34,'Aiden Walker', 3, 'Project Coordinator', '2022-01-28', 72000),
(35,'Aria Green', 1, 'Software Engineer', '2021-08-12', 75000),
(36,'Grayson Baker', 2, 'HR Manager', '2020-02-25', 87000),
(37,'Anusha Mukkamalla', 1, 'Data Scientist', '2020-06-26',25000),
(38,'Afroj Mustur', 1, 'Software Engineer', '2023-01-01', 75000),
(39,'Hima Bindu', 1, 'Data Analyst', '2022-05-15', 65000),
(40,'Aswini Kurava', 2, 'HR Manager', '2021-09-20', 85000),
(41,'Kumar Reddy', 3, 'Project Manager', '2020-03-10', 90000),
(42,'Sai Nath', 2, 'Software Engineer', '2023-02-28', 70000),
(43,'Ramadevi Mukkamall', 3, 'Data Scientist', '2022-11-11', 80000),
(44,'Srinivasa Reddy', 1, 'Software Developer', '2021-07-05', 60000),
(45,'Hairini Reddy', 2, 'HR Specialist', '2020-04-18', 70000),
(46,'Kishan Reddy', 3, 'Product Manager', '2023-01-15', 95000),
(47,'Anand Rodriguez', 1, 'Data Analyst', '2022-10-30', 68000),
(48,'Daniel Anusha', 2, 'Software Engineer', '2021-03-25', 72000),
(49,'Ava Mukkamalla', 3, 'HR Generalist', '2020-08-12', 65000),
(50,'Alexander Ramadevi', 1, 'Software Developer', '2022-06-17', 60000),
(51,'Mia Yeshwa', 2, 'Data Scientist', '2021-11-20', 78000),
(52,'James Reddy', 3, 'Project Coordinator', '2020-09-08', 70000),
(53,'Sofia Kan', 1, 'Software Engineer', '2023-04-02', 73000),
(54,'Benjamin Pallavi', 2, 'HR Manager', '2022-01-12', 85000),
(55,'Charlotte Afrin', 3, 'Product Manager', '2021-07-25', 92000),
(56,'Jacob Abdul', 1, 'Data Analyst', '2020-12-28', 67000),
(57,'Amelia Kumar', 2, 'Software Engineer', '2022-08-15', 71000),
(58,'Ethan Rivers', 3, 'HR Specialist', '2021-04-05', 72000),
(59,'Harper Meter', 1, 'Software Developer', '2020-09-18', 62000),
(60,'Evelyn Leeon', 2, 'Data Scientist', '2023-03-22', 79000),
(61,'Michael Youth', 3, 'Project Manager', '2022-11-10', 92000),
(62,'Liam Mart', 1, 'Software Engineer', '2022-06-03', 74000),
(63,'Avery Hern', 2, 'HR Manager', '2021-01-25', 86000),
(64,'Lucas Chetan', 3, 'Product Manager', '2020-07-14', 93000),
(65,'Luna Harsha', 1, 'Data Analyst', '2023-02-08', 69000),
(66,'Mason Daddu', 2, 'Software Engineer', '2022-10-20', 73000),
(67,'Scarlett Camp', 3, 'HR Specialist', '2021-05-12', 71000),
(68,'Jackson Sharuk', 1, 'Software Developer', '2020-10-30', 63000),
(69,'Zoey Thomp', 2, 'Data Scientist', '2023-05-15', 80000),
(70,'Aiden Walkerrn', 3, 'Project Coordinator', '2022-01-28', 72000),
(71,'Aria Bhavana', 1, 'Software Engineer', '2021-08-12', 75000),
(72,'Grayson Bakering', 2, 'HR Manager', '2020-02-25', 87000),
(73,'Anusha Mukk',1,'Data Scientist','2020-06-26',25000),
(74,'Kishan Waste', 3, 'Product Manager', '2023-01-15', 95000),
(75,'Anu Mukk',1,'Data Scientist','2020-06-26',25000),
(76,'Anand Rodr', 1, 'Data Analyst', '2022-10-30', 68000),
(77,'Daniel Water', 2, 'Software Engineer', '2021-03-25', 72000),
(78,'Ava Muk', 3, 'HR Generalist', '2020-08-12', 65000),
(79,'Alexander Rama', 1, 'Software Developer', '2022-06-17', 60000),
(80,'Mia Devi', 2, 'Data Scientist', '2021-11-20', 78000),
(81,'James Ramana', 3, 'Project Coordinator', '2020-09-08', 70000),
(82,'Sofia Krishna', 1, 'Software Engineer', '2023-04-02', 73000),
(83,'Benjamin Pall', 2, 'HR Manager', '2022-01-12', 85000),
(84,'Charlotte Janu', 3, 'Product Manager', '2021-07-25', 92000),
(85,'Jacob Kalam', 1, 'Data Analyst', '2020-12-28', 67000),
(86,'Amelia Chaitanya', 2, 'Software Engineer', '2022-08-15', 71000),
(87,'Ethan Sri', 3, 'HR Specialist', '2021-04-05', 72000),
(88,'Harper Vasa', 1, 'Software Developer', '2020-09-18', 62000),
(89,'Evelyn College', 2, 'Data Scientist', '2023-03-22', 79000),
(90,'Michael Youthest', 3, 'Project Manager', '2022-11-10', 92000),
(91,'Liam Marthen', 1, 'Software Engineer', '2022-06-03', 74000),
(92,'Avery Hernnast', 2, 'HR Manager', '2021-01-25', 86000),
(93,'Lucas Chetanaya', 3, 'Product Manager', '2020-07-14', 93000),
(94,'Luna HarshaVardhan', 1, 'Data Analyst', '2023-02-08', 69000),
(95,'Mason DadduJaru', 2, 'Software Engineer', '2022-10-20', 73000),
(96,'Scarlett Campusplac', 3, 'HR Specialist', '2021-05-12', 71000),
(97,'Jackson Pen', 1, 'Software Developer', '2020-10-30', 63000),
(98,'Zoey Kurru', 2, 'Data Scientist', '2023-05-15', 80000),
(99,'Aiden Walk', 3, 'Project Coordinator', '2022-01-28', 72000),
(100,'Afrin Bhavana', 1, 'Software Engineer', '2021-08-12', 75000)
;



INSERT INTO departments (department_id, department_name, manager_id, location, phone_number, budget)
VALUES
(1, 'Engineering', 1, 'New York', '123-456-7890', 1000000.00),
(2, 'Human Resources', 2, 'Los Angeles', '234-567-8901', 750000.00),
(3, 'Marketing', 3, 'Chicago', '345-678-9012', 600000.00),
(4, 'Finance', 4, 'San Francisco', '456-789-0123', 900000.00),
(5, 'Operations', 5, 'Seattle', '567-890-1234', 800000.00),
(6, 'Research and Development', 6, 'Boston', '678-901-2345', 850000.00),
(7, 'Sales', 7, 'Austin', '789-012-3456', 700000.00),
(8, 'Customer Service', 8, 'Denver', '890-123-4567', 650000.00),
(9, 'Legal', 9, 'Washington, D.C.', '901-234-5678', 750000.00),
(10, 'Product Management', 10, 'Atlanta', '012-345-6789', 850000.00),
(11, 'Information Technology', 11, 'New York', '123-456-7890', 950000.00),
(12, 'Research', 12, 'Los Angeles', '234-567-8901', 700000.00),
(13, 'Sales and Marketing', 13, 'Chicago', '345-678-9012', 850000.00),
(14, 'Operations Management', 14, 'San Francisco', '456-789-0123', 800000.00),
(15, 'Legal Affairs', 15, 'Seattle', '567-890-1234', 750000.00),
(16, 'Customer Support', 16, 'Boston', '678-901-2345', 700000.00),
(17, 'Quality Assurance', 17, 'Austin', '789-012-3456', 650000.00),
(18, 'Financial Planning', 18, 'Denver', '890-123-4567', 900000.00),
(19, 'Product Development', 19, 'Washington, D.C.', '901-234-5678', 950000.00),
(20, 'Human Capital', 20, 'Atlanta', '012-345-6789', 850000.00),
(21, 'Engineering', 21, 'New York', '123-456-7890', 1000000.00),
(22, 'Human Resources', 22, 'Los Angeles', '234-567-8901', 750000.00),
(23, 'Marketing', 23, 'Chicago', '345-678-9012', 600000.00),
(24, 'Finance', 24, 'San Francisco', '456-789-0123', 900000.00),
(25, 'Operations', 25, 'Seattle', '567-890-1234', 800000.00),
(26, 'Research and Development', 26, 'Boston', '678-901-2345', 850000.00),
(27, 'Sales', 27, 'Austin', '789-012-3456', 700000.00),
(28, 'Customer Service', 28, 'Denver', '890-123-4567', 650000.00),
(29, 'Legal', 29, 'Washington, D.C.', '901-234-5678', 750000.00),
(30, 'Product Management', 30, 'Atlanta', '012-345-6789', 850000.00),
(31, 'Engineering', 31, 'New York', '123-456-7890', 1000000.00),
(32, 'Human Resources', 32, 'Los Angeles', '234-567-8901', 750000.00),
(33, 'Marketing', 33, 'Chicago', '345-678-9012', 600000.00),
(34, 'Finance', 34, 'San Francisco', '456-789-0123', 900000.00),
(35, 'Operations', 35, 'Seattle', '567-890-1234', 800000.00),
(36, 'Research and Development', 36, 'Boston', '678-901-2345', 850000.00),
(37, 'Sales', 37, 'Austin', '789-012-3456', 700000.00),
(38, 'Customer Service', 38, 'Denver', '890-123-4567', 650000.00),
(39, 'Legal', 39, 'Washington, D.C.', '901-234-5678', 750000.00),
(40, 'Product Management', 40, 'Atlanta', '012-345-6789', 850000.00),
(41, 'Engineering', 41, 'New York', '123-456-7890', 1000000.00),
(42, 'Human Resources', 42, 'Los Angeles', '234-567-8901', 750000.00),
(43, 'Marketing', 43, 'Chicago', '345-678-9012', 600000.00),
(44, 'Finance', 44, 'San Francisco', '456-789-0123', 900000.00),
(45, 'Operations', 45, 'Seattle', '567-890-1234', 800000.00),
(46, 'Engineering', 46, 'New York', '123-456-7890', 1000000.00),
(47, 'Human Resources', 47, 'Los Angeles', '234-567-8901', 750000.00),
(48, 'Marketing', 48, 'Chicago', '345-678-9012', 600000.00),
(49, 'Finance', 49, 'San Francisco', '456-789-0123', 900000.00),
(50, 'Operations', 50, 'Seattle', '567-890-1234', 800000.00),
(51, 'Research and Development', 51, 'Boston', '678-901-2345', 850000.00),
(52, 'Sales', 52, 'Austin', '789-012-3456', 700000.00),
(53, 'Customer Service', 53, 'Denver', '890-123-4567', 650000.00),
(54, 'Legal', 54, 'Washington, D.C.', '901-234-5678', 750000.00),
(55, 'Product Management', 55, 'Atlanta', '012-345-6789', 850000.00),
(56, 'Information Technology', 56, 'New York', '+1-123-456-7890', 950000.00),
(57, 'Research', 57, 'Los Angeles', '234-567-8901', 700000.00),
(58, 'Sales and Marketing', 58, 'Chicago', '345-678-9012', 850000.00),
(59, 'Operations Management', 59, 'San Francisco', '+1-456-789-0123', 800000.00),
(60, 'Legal Affairs', 60, 'Seattle', '567-890-1234', 750000.00),
(61, 'Customer Support', 61, 'Boston', '678-901-2345', 700000.00),
(62, 'Quality Assurance', 62, 'Austin', '789-012-3456', 650000.00),
(63, 'Financial Planning', 63, 'Denver', '890-123-4567', 900000.00),
(64, 'Product Development', 64, 'Washington, D.C.', '901-234-5678', 950000.00),
(65, 'Human Capital', 65, 'Atlanta', '012-345-6789', 850000.00),
(66, 'Engineering', 66, 'New York', '123-456-7890', 1000000.00),
(67, 'Human Resources', 67, 'Los Angeles', '234-567-8901', 750000.00),
(68, 'Marketing', 68, 'Chicago', '345-678-9012', 600000.00),
(69, 'Finance', 69, 'San Francisco', '456-789-0123', 900000.00),
(70, 'Operations', 70, 'Seattle', '567-890-1234', 800000.00),
(71, 'Research and Development', 71, 'Boston', '678-901-2345', 850000.00),
(72, 'Sales', 72, 'Austin', '789-012-3456', 700000.00),
(73, 'Customer Service', 73, 'Denver', '890-123-4567', 650000.00),
(74, 'Legal', 74, 'Washington, D.C.', '901-234-5678', 750000.00),
(75, 'Product Management', 75, 'Atlanta', '012-345-6789', 850000.00),
(76, 'Engineering', 76, 'New York', '123-456-7890', 1000000.00),
(77, 'Human Resources', 77, 'Los Angeles', '234-567-8901', 750000.00),
(78, 'Marketing', 78, 'Chicago', '345-678-9012', 600000.00),
(79, 'Finance', 79, 'San Francisco', '456-789-0123', 900000.00),
(80, 'Operations', 80, 'Seattle', '567-890-1234', 800000.00),
(81, 'Research and Development', 81, 'Boston', '678-901-2345', 850000.00),
(82, 'Sales', 82, 'Austin', '789-012-3456', 700000.00),
(83, 'Customer Service', 83, 'Denver', '890-123-4567', 650000.00),
(84, 'Legal', 84, 'Washington, D.C.', '901-234-5678', 750000.00),
(85, 'Product Management', 85, 'Atlanta', '012-345-6789', 850000.00),
(86, 'Engineering', 86, 'New York', '123-456-7890', 1000000.00),
(87, 'Human Resources', 87, 'Los Angeles', '234-567-8901', 750000.00),
(88, 'Marketing', 88, 'Chicago', '345-678-9012', 600000.00),
(89, 'Finance', 89, 'San Francisco', '456-789-0123', 900000.00),
(90, 'Operations', 90, 'Seattle', '567-890-1234', 800000.00),
(91, 'Research and Development', 91, 'Boston', '678-901-2345', 850000.00),
(92, 'Sales', 92, 'Austin', '789-012-3456', 700000.00),
(93, 'Customer Service', 93, 'Denver', '890-123-4567', 650000.00),
(94, 'Legal', 94, 'Washington, D.C.', '901-234-5678', 750000.00),
(95, 'Product Management', 95, 'Atlanta', '012-345-6789', 850000.00),
(96, 'Engineering', 96, 'New York', '123-456-7890', 1000000.00),
(97, 'Human Resources', 97, 'Los Angeles', '234-567-8901', 750000.00),
(98, 'Marketing', 98, 'Chicago', '345-678-9012', 600000.00),
(99, 'Finance', 99, 'San Francisco', '456-789-0123', 900000.00),
(100, 'Operations', 100, 'Seattle', '567-890-1234', 800000.00);




INSERT INTO performance_review (review_id, employee_id, review_date, rating, comments, reviewer_id)
VALUES
(1, 1, '2024-01-15', 4, 'Great performance overall.', 3),
(2, 2, '2024-02-20', 3, 'Could improve communication skills.', 5),
(3, 3, '2024-03-10', 5, 'Exceptional work, exceeded expectations.', 2),
(4, 4, '2024-04-05', 4, 'Consistently meets targets.', 1),
(5, 5, '2024-05-12', 4, 'Strong team player.', 6),
(6, 6, '2024-06-18', 3, 'Needs to work on time management.', 4),
(7, 7, '2024-07-22', 5, 'Outstanding leadership skills.', 8),
(8, 8, '2024-08-30', 4, 'Shows great initiative.', 10),
(9, 9, '2024-09-14', 5, 'Highly dedicated and hardworking.', 7),
(10, 10, '2024-10-08', 3, 'Needs improvement in attention to detail.', 9),
(11, 11, '2024-11-25', 4, 'Consistently delivers quality work.', 12),
(12, 12, '2024-12-31', 5, 'Excellent problem-solving skills.', 14),
(13, 13, '2025-01-02', 4, 'Strong customer relationship management.', 11),
(14, 14, '2025-02-10', 3, 'Could benefit from additional training.', 13),
(15, 15, '2025-03-20', 5, 'Exceptional performance in handling escalations.', 15),
(16, 16, '2025-04-18', 4, 'Good analytical skills.', 17),
(17, 17, '2025-05-25', 5, 'Excellent attention to detail.', 19),
(18, 18, '2025-06-30', 3, 'Needs to improve time management.', 16),
(19, 19, '2025-07-05', 4, 'Effective project management skills.', 18),
(20, 20, '2025-08-12', 5, 'Outstanding leadership abilities.', 20),
(21, 21, '2025-09-22', 4, 'Strong performance in team collaboration.', 23),
(22, 22, '2025-10-11', 3, 'Could improve in meeting deadlines.', 25),
(23, 23, '2025-11-05', 5, 'Exceptional problem-solving abilities.', 22),
(24, 24, '2025-12-09', 4, 'Consistently exceeds project goals.', 21),
(25, 25, '2026-01-14', 5, 'Outstanding communication skills.', 26),
(26, 26, '2026-02-28', 3, 'Needs to improve in task prioritization.', 24),
(27, 27, '2026-03-17', 4, 'Strong performance under pressure.', 28),
(28, 28, '2026-04-21', 5, 'Excellent problem-solving abilities.', 30),
(29, 29, '2026-05-30', 4, 'Good team collaboration skills.', 27),
(30, 30, '2026-06-25', 3, 'Needs to improve in attention to detail.', 29);

CREATE TABLE performance_review (
    review_id INT PRIMARY KEY,
    employee_id INT,
    review_date DATE,
    rating INT,
    comments varchar(50),
    reviewer_id INT,
    FOREIGN KEY (employee_id) REFERENCES employees(employee_id),
    FOREIGN KEY (reviewer_id) REFERENCES employees(employee_id));
    show tables;
INSERT INTO project (project_id, project_name, start_date, end_date, budget, department_id)
VALUES
(1, 'Project Alpha', '2024-01-01', '2024-06-30', 50000.00, 1),
(2, 'Project Beta', '2024-02-15', '2024-08-15', 75000.00, 2),
(3, 'Project Gamma', '2024-03-10', '2024-09-30', 60000.00, 3),
(4, 'Project Delta', '2024-04-05', '2024-10-31', 80000.00, 4),
(5, 'Project Epsilon', '2024-05-20', '2024-11-30', 70000.00, 5),
(6, 'Project Zeta', '2024-06-15', '2025-01-15', 90000.00, 6),
(7, 'Project Eta', '2024-07-01', '2025-02-28', 65000.00, 7),
(8, 'Project Theta', '2024-08-10', '2025-03-31', 85000.00, 8),
(9, 'Project Iota', '2024-09-05', '2025-04-30', 75000.00, 9),
(10, 'Project Kappa', '2024-10-20', '2025-05-31', 95000.00, 10),
(11, 'Project Lambda', '2024-11-15', '2025-06-30', 80000.00, 11),
(12, 'Project Mu', '2024-12-10', '2025-07-31', 70000.00, 12),
(13, 'Project Nu', '2025-01-25', '2025-08-31', 85000.00, 13),
(14, 'Project Xi', '2025-02-20', '2025-09-30', 60000.00, 14),
(15, 'Project Omicron', '2025-03-15', '2025-10-31', 75000.00, 15),
(16, 'Project Pi', '2025-04-10', '2025-11-30', 70000.00, 16),
(17, 'Project Rho', '2025-05-25', '2025-12-31', 90000.00, 17),
(18, 'Project Sigma', '2025-06-20', '2026-01-31', 65000.00, 18),
(19, 'Project Tau', '2025-07-15', '2026-02-28', 80000.00, 19),
(20, 'Project Upsilon', '2025-08-10', '2026-03-31', 85000.00, 20),
(21, 'Project Phi', '2025-09-25', '2026-04-30', 75000.00, 21),
(22, 'Project Chi', '2025-10-20', '2026-05-31', 95000.00, 22),
(23, 'Project Psi', '2025-11-15', '2026-06-30', 80000.00, 23),
(24, 'Project Omega', '2025-12-10', '2026-07-31', 70000.00, 24),
(25, 'Project Alpha Prime', '2026-01-25', '2026-08-31', 85000.00, 25),
(26, 'Project Beta Prime', '2026-02-20', '2026-09-30', 60000.00, 26),
(27, 'Project Gamma Prime', '2026-03-15', '2026-10-31', 75000.00, 27),
(28, 'Project Delta Prime', '2026-04-10', '2026-11-30', 70000.00, 28),
(29, 'Project Epsilon Prime', '2026-05-25', '2026-12-31', 90000.00, 29),
(30, 'Project Zeta Prime', '2026-06-20', '2027-01-31', 65000.00, 30),
(31, 'Project Eta Prime', '2026-07-15', '2027-02-28', 80000.00, 31),
(32, 'Project Theta Prime', '2026-08-10', '2027-03-31', 85000.00, 32),
(33, 'Project Iota Prime', '2026-09-25', '2027-04-30', 75000.00, 33),
(34, 'Project Kappa Prime', '2026-10-20', '2027-05-31', 95000.00, 34);
    
    
    
    
INSERT INTO project_assignments (assignment_id, project_id, employee_id, role, assignment_date, status)
VALUES
(1, 1, 1, 'Developer', '2024-01-05', 'Active'),
(2, 1, 2, 'Project Manager', '2024-01-05', 'Active'),
(3, 1, 3, 'QA Engineer', '2024-01-10', 'Active'),
(4, 2, 4, 'Designer', '2024-02-20', 'Active'),
(5, 2, 5, 'Developer', '2024-02-20', 'Active'),
(6, 2, 6, 'QA Engineer', '2024-02-25', 'Active'),
(7, 3, 7, 'Project Manager', '2024-03-15', 'Active'),
(8, 3, 8, 'Developer', '2024-03-15', 'Active'),
(9, 3, 9, 'QA Engineer', '2024-03-20', 'Active'),
(10, 4, 10, 'Project Manager', '2024-04-10', 'Active'),
(11, 4, 11, 'Developer', '2024-04-10', 'Active'),
(12, 4, 12, 'QA Engineer', '2024-04-15', 'Active'),
(13, 5, 13, 'Developer', '2024-05-01', 'Active'),
(14, 5, 14, 'Designer', '2024-05-01', 'Active'),
(15, 5, 15, 'QA Engineer', '2024-05-05', 'Active'),
(16, 6, 16, 'Project Manager', '2024-06-10', 'Active'),
(17, 6, 17, 'Developer', '2024-06-10', 'Active'),
(18, 6, 18, 'QA Engineer', '2024-06-15', 'Active'),
(19, 7, 19, 'Developer', '2024-07-20', 'Active'),
(20, 7, 20, 'Designer', '2024-07-20', 'Active'),
(21, 7, 21, 'QA Engineer', '2024-07-25', 'Active'),
(22, 8, 22, 'Project Manager', '2024-08-05', 'Active'),
(23, 8, 23, 'Developer', '2024-08-05', 'Active'),
(24, 8, 24, 'QA Engineer', '2024-08-10', 'Active'),
(25, 9, 25, 'Project Manager', '2024-09-15', 'Active'),
(26, 9, 26, 'Developer', '2024-09-15', 'Active'),
(27, 9, 27, 'Designer', '2024-09-20', 'Active'),
(28, 10, 28, 'Project Manager', '2024-10-01', 'Active'),
(29, 10, 29, 'Developer', '2024-10-01', 'Active'),
(30, 10, 30, 'QA Engineer', '2024-10-05', 'Active'),
(31, 11, 31, 'Developer', '2024-11-10', 'Active'),
(32, 11, 32, 'Designer', '2024-11-10', 'Active'),
(33, 11, 33, 'QA Engineer', '2024-11-15', 'Active'),
(34, 12, 34, 'Project Manager', '2024-12-20', 'Active'),
(35, 12, 35, 'Developer', '2024-12-20', 'Active'),
(36, 12, 36, 'QA Engineer', '2024-12-25', 'Active'),
(37, 13, 37, 'Developer', '2025-01-05', 'Active'),
(38, 13, 38, 'Designer', '2025-01-05', 'Active'),
(39, 13, 39, 'QA Engineer', '2025-01-10', 'Active'),
(40, 14, 40, 'Project Manager', '2025-02-15', 'Active'),
(41, 14, 1, 'Developer', '2025-02-15', 'Active'),
(42, 14, 2, 'Designer', '2025-02-20', 'Active'),
(43, 15, 3, 'Project Manager', '2025-03-01', 'Active'),
(44, 15, 4, 'Developer', '2025-03-01', 'Active'),
(45, 15, 5, 'QA Engineer', '2025-03-05', 'Active'),
(46, 16, 6, 'Developer', '2025-04-10', 'Active');   





INSERT INTO salaries (salary_id, employee_id, salary_amount, effective_date, end_date, salary_reason)
VALUES
(1, 1, 60000.00, '2022-01-01', '2022-12-31', 'Annual performance review'),
(2, 2, 65000.00, '2022-01-01', '2022-12-31', 'Annual performance review'),
(3, 3, 70000.00, '2022-01-01', '2022-12-31', 'Annual performance review'),
(4, 4, 72000.00, '2022-01-01', '2022-12-31', 'Annual performance review'),
(5, 5, 68000.00, '2022-01-01', '2022-12-31', 'Annual performance review'),
(6, 6, 62000.00, '2022-01-01', '2022-12-31', 'Annual performance review'),
(7, 7, 63000.00, '2022-01-01', '2022-12-31', 'Annual performance review'),
(8, 8, 67000.00, '2022-01-01', '2022-12-31', 'Annual performance review'),
(9, 9, 71000.00, '2022-01-01', '2022-12-31', 'Annual performance review'),
(10, 10, 74000.00, '2022-01-01', '2022-12-31', 'Annual performance review'),
(11, 11, 72000.00, '2022-01-01', '2022-12-31', 'Annual performance review'),
(12, 12, 69000.00, '2022-01-01', '2022-12-31', 'Annual performance review'),
(13, 13, 65000.00, '2022-01-01', '2022-12-31', 'Annual performance review'),
(14, 14, 64000.00, '2022-01-01', '2022-12-31', 'Annual performance review'),
(15, 15, 67000.00, '2022-01-01', '2022-12-31', 'Annual performance review'),
(16, 16, 66000.00, '2022-01-01', '2022-12-31', 'Annual performance review'),
(17, 17, 68000.00, '2022-01-01', '2022-12-31', 'Annual performance review'),
(18, 18, 69000.00, '2022-01-01', '2022-12-31', 'Annual performance review'),
(19, 19, 70000.00, '2022-01-01', '2022-12-31', 'Annual performance review'),
(20, 20, 71000.00, '2022-01-01', '2022-12-31', 'Annual performance review'),
(21, 21, 75000.00, '2022-01-01', '2022-12-31', 'Annual performance review'),
(22, 22, 76000.00, '2022-01-01', '2022-12-31', 'Annual performance review'),
(23, 23, 77000.00, '2022-01-01', '2022-12-31', 'Annual performance review'),
(24, 24, 78000.00, '2022-01-01', '2022-12-31', 'Annual performance review'),
(25, 25, 79000.00, '2022-01-01', '2022-12-31', 'Annual performance review'),
(26, 26, 80000.00, '2022-01-01', '2022-12-31', 'Annual performance review'),
(27, 27, 81000.00, '2022-01-01', '2022-12-31', 'Annual performance review'),
(28, 28, 82000.00, '2022-01-01', '2022-12-31', 'Annual performance review'),
(29, 29, 83000.00, '2022-01-01', '2022-12-31', 'Annual performance review'),
(30, 30, 84000.00, '2022-01-01', '2022-12-31', 'Annual performance review'),
(31, 31, 85000.00, '2022-01-01', '2022-12-31', 'Annual performance review'),
(32, 32, 86000.00, '2022-01-01', '2022-12-31', 'Annual performance review'),
(33, 33, 87000.00, '2022-01-01', '2022-12-31', 'Annual performance review'),
(34, 34, 88000.00, '2022-01-01', '2022-12-31', 'Annual performance review'),
(35, 35, 89000.00, '2022-01-01', '2022-12-31', 'Annual performance review'),
(36, 36, 90000.00, '2022-01-01', '2022-12-31', 'Annual performance review'); 
    
select * from salaries;
